previous_path,current_path
01_DataProcessing/20250521 PP数据集合并简化.ipynb,notebooks/01_data_preparation/01_prepare_safety_scores.ipynb
01_DataProcessing/Location_SaferScores_SS.ipynb,notebooks/01_data_preparation/02_match_street_network.ipynb
01_DataProcessing/ImageSegmentation.ipynb,notebooks/01_data_preparation/03_extract_visual_features.ipynb
02_DataAnalysis/SS_Model_V1.ipynb,notebooks/02_model_analysis/01_spatial_baseline.ipynb
02_DataAnalysis/MergedData_Model_V2.ipynb,notebooks/02_model_analysis/02_spatial_visual_models.ipynb
02_DataAnalysis/min_max.ipynb,notebooks/02_model_analysis/03_extreme_value_analysis.ipynb
02_DataAnalysis/Formula.ipynb,notebooks/02_model_analysis/04_model_formulations.ipynb
docs/DATA.md,docs/data_requirements.md
docs/AUDIT.md,docs/repository_audit.md
docs/notebook-source-manifest.json,docs/notebook_source_manifest.json
requirements-full.txt,requirements_full.txt
